artDate,positive,negative,ratio_pos,ratio_neg,sentiment_value
2025-05-18 15:30:29,0,0,0,0,0
2025-05-18 15:44:57,0,0,0,0,0
2025-05-19 16:37:18,0,0,0,0,0
2025-05-19 16:53:29,0,0,0,0,0
2025-05-19 16:58:01,0,0,0,0,0
2025-05-19 17:09:30,0,0,0,0,0
2025-05-19 17:12:05,0,0,0,0,0
2025-05-19 17:13:26,0,0,0,0,0
2025-05-19 17:15:01,0,0,0,0,0
2025-05-19 17:15:26,0,0,0,0,0
2025-05-19 17:17:28,0,0,0,0,0
2025-05-19 17:18:13,0,0,0,0,0
2025-05-19 17:18:35,0,0,0,0,0
2025-05-19 17:20:26,0,0,0,0,0
2025-05-19 17:20:38,0,0,0,0,0
2025-05-19 17:23:47,0,0,0,0,0
2025-05-19 17:24:24,0,0,0,0,0
2025-05-19 17:28:53,0,0,0,0,0
2025-05-19 17:29:36,0,0,0,0,0
2025-05-19 17:33:48,0,0,0,0,0
2025-05-19 17:34:04,0,0,0,0,0
2025-05-19 17:34:09,0,0,0,0,0
2025-05-19 17:34:11,0,0,0,0,0
2025-05-19 17:34:51,0,0,0,0,0
2025-05-19 17:53:08,0,0,0,0,0
2025-05-19 17:53:15,0,0,0,0,0
2025-05-19 17:53:42,0,0,0,0,0
2025-05-19 17:55:01,0,0,0,0,0
2025-05-19 17:57:04,0,0,0,0,0
2025-05-19 18:00:42,0,0,0,0,0
2025-05-19 18:01:21,0,0,0,0,0
2025-05-19 18:01:25,0,0,0,0,0
2025-05-19 18:04:11,0,0,0,0,0
2025-05-19 18:04:43,0,0,0,0,0
2025-05-19 18:08:25,0,0,0,0,0
2025-05-19 18:09:19,0,0,0,0,0
2025-05-19 18:10:54,0,0,0,0,0
2025-05-19 18:11:18,0,0,0,0,0
2025-05-19 18:11:20,0,0,0,0,0
2025-05-19 18:13:39,0,0,0,0,0
2025-05-19 18:14:52,0,0,0,0,0
2025-05-19 18:15:33,0,0,0,0,0
2025-05-19 18:17:01,0,0,0,0,0
2025-05-19 18:19:11,0,0,0,0,0
2025-05-19 18:20:21,0,0,0,0,0
2025-05-19 18:21:54,0,0,0,0,0
2025-05-19 18:25:21,0,0,0,0,0
2025-05-19 18:26:01,0,0,0,0,0
2025-05-19 18:26:57,0,0,0,0,0
2025-05-19 18:27:11,0,0,0,0,0
2025-05-19 18:27:42,0,0,0,0,0
2025-05-19 18:29:17,0,0,0,0,0
2025-05-19 18:32:10,0,0,0,0,0
2025-05-19 18:32:33,0,0,0,0,0
2025-05-19 18:33:19,0,0,0,0,0
2025-05-19 18:33:23,0,0,0,0,0
2025-05-19 18:34:04,0,0,0,0,0
2025-05-19 18:35:49,0,0,0,0,0
2025-05-19 18:37:03,0,0,0,0,0
2025-05-19 18:39:04,0,0,0,0,0
2025-05-19 18:39:50,0,0,0,0,0
2025-05-19 18:40:05,0,0,0,0,0
2025-05-19 18:40:07,0,0,0,0,0
2025-05-19 18:41:07,0,0,0,0,0
2025-05-19 18:41:53,0,0,0,0,0
2025-05-19 18:43:53,0,0,0,0,0
2025-05-19 18:44:35,0,0,0,0,0
2025-05-19 18:45:34,0,0,0,0,0
2025-05-19 18:46:59,0,0,0,0,0
2025-05-19 18:47:34,0,0,0,0,0
2025-05-19 18:47:39,0,0,0,0,0
2025-05-19 18:48:18,0,0,0,0,0
2025-05-19 18:51:06,0,0,0,0,0
2025-05-19 18:51:16,0,0,0,0,0
2025-05-19 18:53:31,0,0,0,0,0
2025-05-19 18:55:43,0,0,0,0,0
2025-05-19 18:56:00,0,0,0,0,0
2025-05-19 18:58:24,0,0,0,0,0
2025-05-19 19:04:34,0,0,0,0,0
2025-05-19 19:05:45,0,0,0,0,0
2025-05-19 19:06:07,0,0,0,0,0
2025-05-19 19:06:58,0,0,0,0,0
2025-05-19 19:07:10,0,0,0,0,0
2025-05-19 19:07:28,0,0,0,0,0
2025-05-19 19:14:26,0,0,0,0,0
2025-05-19 19:16:22,0,0,0,0,0
2025-05-19 19:16:41,0,0,0,0,0
2025-05-19 19:20:50,0,0,0,0,0
2025-05-19 19:22:13,0,0,0,0,0
2025-05-19 19:23:20,0,0,0,0,0
2025-05-19 19:25:31,0,0,0,0,0
2025-05-19 19:27:46,0,0,0,0,0
2025-05-19 19:28:10,0,0,0,0,0
2025-05-19 19:28:50,0,0,0,0,0
2025-05-19 19:29:15,0,0,0,0,0
2025-05-19 19:32:00,0,0,0,0,0
2025-05-19 19:38:26,0,0,0,0,0
2025-05-19 19:44:56,0,0,0,0,0
2025-05-19 19:52:48,0,0,0,0,0
2025-05-19 19:54:48,0,0,0,0,0
2025-05-19 19:57:09,0,0,0,0,0
2025-05-19 20:02:15,0,0,0,0,0
2025-05-19 20:02:38,0,0,0,0,0
2025-05-19 20:02:44,0,0,0,0,0
2025-05-19 20:03:35,0,0,0,0,0
2025-05-19 20:05:17,0,0,0,0,0
2025-05-19 20:12:55,0,0,0,0,0
2025-05-19 20:14:57,0,0,0,0,0
2025-05-19 20:16:44,0,0,0,0,0
2025-05-19 20:16:55,0,0,0,0,0
2025-05-19 20:17:19,0,0,0,0,0
2025-05-19 20:17:20,0,0,0,0,0
2025-05-19 20:18:19,0,0,0,0,0
2025-05-19 20:18:20,0,0,0,0,0
2025-05-19 20:20:33,0,0,0,0,0
2025-05-19 20:23:35,0,0,0,0,0
2025-05-19 20:24:36,0,0,0,0,0
2025-05-19 20:27:40,0,0,0,0,0
2025-05-19 20:27:58,0,0,0,0,0
2025-05-19 20:28:58,0,0,0,0,0
2025-05-19 20:30:15,0,0,0,0,0
2025-05-19 20:31:50,0,0,0,0,0
2025-05-19 20:32:21,0,0,0,0,0
2025-05-19 20:35:29,0,0,0,0,0
2025-05-19 20:35:56,0,0,0,0,0
2025-05-19 20:37:13,0,0,0,0,0
2025-05-19 20:37:17,0,0,0,0,0
2025-05-19 20:39:10,0,0,0,0,0
2025-05-19 20:40:14,0,0,0,0,0
2025-05-19 20:40:53,0,0,0,0,0
2025-05-19 20:56:10,0,0,0,0,0
2025-05-19 20:56:36,0,0,0,0,0
2025-05-19 20:56:58,0,0,0,0,0
2025-05-19 20:57:20,0,0,0,0,0
2025-05-19 20:59:19,0,0,0,0,0
2025-05-19 21:00:26,0,0,0,0,0
2025-05-19 21:03:46,0,0,0,0,0
2025-05-19 21:04:40,0,0,0,0,0
2025-05-19 21:05:15,0,0,0,0,0
2025-05-19 21:07:25,0,0,0,0,0
2025-05-19 21:08:44,0,0,0,0,0
2025-05-19 21:09:18,0,0,0,0,0
2025-05-19 21:11:21,0,0,0,0,0
2025-05-19 21:15:01,0,0,0,0,0
2025-05-19 21:18:42,0,0,0,0,0
2025-05-19 21:19:48,0,0,0,0,0
2025-05-19 21:21:36,0,0,0,0,0
2025-05-19 21:23:12,0,0,0,0,0
2025-05-19 21:30:32,0,0,0,0,0
2025-05-19 21:32:27,0,0,0,0,0
2025-05-19 21:33:00,0,0,0,0,0
2025-05-19 21:35:02,0,0,0,0,0
2025-05-19 21:40:16,0,0,0,0,0
2025-05-19 21:40:58,0,0,0,0,0
2025-05-19 21:41:05,0,0,0,0,0
2025-05-19 21:41:16,0,0,0,0,0
2025-05-19 21:43:21,0,0,0,0,0
2025-05-19 21:46:03,0,0,0,0,0
2025-05-19 21:46:10,0,0,0,0,0
2025-05-19 21:48:47,0,0,0,0,0
2025-05-19 21:53:57,0,0,0,0,0
2025-05-19 21:56:40,0,0,0,0,0
2025-05-19 22:01:20,0,0,0,0,0
2025-05-19 22:05:39,0,0,0,0,0
2025-05-19 22:06:06,0,0,0,0,0
2025-05-19 22:10:14,0,0,0,0,0
2025-05-19 22:22:02,0,0,0,0,0
2025-05-19 22:22:55,0,0,0,0,0
2025-05-19 22:23:14,0,0,0,0,0
2025-05-19 22:27:14,0,0,0,0,0
2025-05-19 22:27:15,0,0,0,0,0
2025-05-19 22:28:58,0,0,0,0,0
2025-05-19 22:33:12,0,0,0,0,0
2025-05-19 22:35:09,0,0,0,0,0
2025-05-19 22:36:26,0,0,0,0,0
2025-05-19 22:38:10,0,0,0,0,0
2025-05-19 22:40:50,0,0,0,0,0
2025-05-19 22:41:56,0,0,0,0,0
2025-05-19 22:43:28,0,0,0,0,0
2025-05-19 22:46:08,0,0,0,0,0
2025-05-19 22:46:51,0,0,0,0,0
2025-05-19 22:51:23,0,0,0,0,0
2025-05-19 22:57:33,0,0,0,0,0
2025-05-19 22:58:23,0,0,0,0,0
2025-05-19 23:00:33,0,0,0,0,0
2025-05-19 23:03:07,0,0,0,0,0
2025-05-19 23:08:43,0,0,0,0,0
2025-05-19 23:15:40,0,0,0,0,0
2025-05-19 23:17:42,0,0,0,0,0
2025-05-19 23:18:52,0,0,0,0,0
2025-05-19 23:22:01,0,0,0,0,0
2025-05-19 23:25:08,0,0,0,0,0
2025-05-19 23:29:42,0,0,0,0,0
2025-05-19 23:32:44,0,0,0,0,0
2025-05-19 23:35:25,0,0,0,0,0
2025-05-19 23:42:02,0,0,0,0,0
2025-05-19 23:42:44,0,0,0,0,0
2025-05-19 23:44:51,0,0,0,0,0
2025-05-19 23:48:37,0,0,0,0,0
2025-05-19 23:49:03,0,0,0,0,0
2025-05-20 00:04:29,0,0,0,0,0
2025-05-20 00:11:35,0,0,0,0,0
2025-05-20 00:12:08,0,0,0,0,0
2025-05-20 00:14:16,0,0,0,0,0
2025-05-20 00:16:00,0,0,0,0,0
2025-05-20 00:16:30,0,0,0,0,0
2025-05-20 00:20:04,0,0,0,0,0
2025-05-20 00:25:04,0,0,0,0,0
2025-05-20 00:25:34,0,0,0,0,0
2025-05-20 00:28:54,0,0,0,0,0
2025-05-20 00:31:31,0,0,0,0,0
2025-05-20 00:41:19,0,0,0,0,0
2025-05-20 00:44:03,0,0,0,0,0
2025-05-20 00:47:27,0,0,0,0,0
2025-05-20 00:48:01,0,0,0,0,0
2025-05-20 00:53:41,0,0,0,0,0
2025-05-20 00:58:09,0,0,0,0,0
2025-05-20 00:59:59,0,0,0,0,0
2025-05-20 01:01:33,0,0,0,0,0
2025-05-20 01:09:23,0,0,0,0,0
2025-05-20 01:10:13,0,0,0,0,0
2025-05-20 01:13:10,0,0,0,0,0
2025-05-20 01:13:46,0,0,0,0,0
2025-05-20 01:14:53,0,0,0,0,0
2025-05-20 01:16:06,0,0,0,0,0
2025-05-20 01:23:15,0,0,0,0,0
2025-05-20 01:24:29,0,0,0,0,0
2025-05-20 01:27:48,0,0,0,0,0
2025-05-20 01:29:05,0,0,0,0,0
2025-05-20 01:42:26,0,0,0,0,0
2025-05-20 01:53:09,0,0,0,0,0
2025-05-20 02:18:23,0,0,0,0,0
2025-05-20 02:28:56,0,0,0,0,0
2025-05-20 02:32:19,0,0,0,0,0
2025-05-20 02:39:19,0,0,0,0,0
2025-05-20 03:21:03,0,0,0,0,0
2025-05-20 03:27:05,0,0,0,0,0
2025-05-20 03:49:36,0,0,0,0,0
2025-05-20 04:26:52,0,0,0,0,0
2025-05-20 04:32:49,0,0,0,0,0
2025-05-20 05:26:27,0,0,0,0,0
2025-05-20 06:17:21,0,0,0,0,0
2025-05-20 06:27:53,0,0,0,0,0
2025-05-20 06:34:57,0,0,0,0,0
2025-05-20 06:50:30,0,0,0,0,0
2025-05-20 06:50:43,0,0,0,0,0
2025-05-20 06:55:47,0,0,0,0,0
2025-05-20 07:09:22,0,0,0,0,0
2025-05-20 07:11:06,0,0,0,0,0
2025-05-20 07:12:45,0,0,0,0,0
2025-05-20 07:14:52,0,0,0,0,0
2025-05-20 07:15:24,0,0,0,0,0
2025-05-20 07:16:02,0,0,0,0,0
2025-05-20 07:18:37,0,0,0,0,0
2025-05-20 07:20:45,0,0,0,0,0
2025-05-20 07:30:23,0,0,0,0,0
2025-05-20 07:31:36,0,0,0,0,0
2025-05-20 07:45:23,0,0,0,0,0
2025-05-20 07:45:53,0,0,0,0,0
2025-05-20 07:46:22,0,0,0,0,0
2025-05-20 07:46:23,0,0,0,0,0
2025-05-20 07:57:09,0,0,0,0,0
2025-05-20 07:59:49,0,0,0,0,0
2025-05-20 08:01:42,0,0,0,0,0
2025-05-20 08:07:09,0,0,0,0,0
2025-05-20 08:10:06,0,0,0,0,0
2025-05-20 08:15:47,0,0,0,0,0
2025-05-20 08:15:50,0,0,0,0,0
2025-05-20 08:16:37,0,0,0,0,0
2025-05-20 08:26:23,0,0,0,0,0
2025-05-20 08:31:25,0,0,0,0,0
2025-05-20 08:32:45,0,0,0,0,0
2025-05-20 08:36:46,0,0,0,0,0
2025-05-20 08:36:56,0,0,0,0,0
2025-05-20 08:39:25,0,0,0,0,0
2025-05-20 08:39:42,0,0,0,0,0
2025-05-20 08:45:41,0,0,0,0,0
2025-05-20 08:46:21,0,0,0,0,0
2025-05-20 08:46:39,0,0,0,0,0
2025-05-20 08:48:07,0,0,0,0,0
2025-05-20 08:48:47,0,0,0,0,0
2025-05-20 08:48:59,0,0,0,0,0
2025-05-20 08:52:37,0,0,0,0,0
2025-05-20 08:53:49,0,0,0,0,0
2025-05-20 08:54:26,0,0,0,0,0
2025-05-20 08:54:28,0,0,0,0,0
2025-05-20 08:56:08,0,0,0,0,0
2025-05-20 08:57:02,0,0,0,0,0
2025-05-20 08:58:49,0,0,0,0,0
2025-05-20 08:58:52,0,0,0,0,0
2025-05-20 09:00:47,0,0,0,0,0
2025-05-20 09:01:57,0,0,0,0,0
2025-05-20 09:06:34,0,0,0,0,0
2025-05-20 09:13:27,0,0,0,0,0
2025-05-20 09:13:40,0,0,0,0,0
2025-05-20 09:14:56,0,0,0,0,0
2025-05-20 09:15:54,0,0,0,0,0
2025-05-20 09:19:48,0,0,0,0,0
2025-05-20 09:25:05,0,0,0,0,0
2025-05-20 09:26:48,0,0,0,0,0
2025-05-20 09:32:33,0,0,0,0,0
2025-05-20 09:43:23,0,0,0,0,0
2025-05-20 09:44:57,0,0,0,0,0
2025-05-20 09:47:13,0,0,0,0,0
2025-05-20 09:47:50,0,0,0,0,0
2025-05-20 09:51:40,0,0,0,0,0
2025-05-20 09:52:12,0,0,0,0,0
2025-05-20 09:53:45,0,0,0,0,0
2025-05-20 09:54:09,0,0,0,0,0
2025-05-20 09:54:24,0,0,0,0,0
2025-05-20 09:55:37,0,0,0,0,0
2025-05-20 09:56:15,0,0,0,0,0
2025-05-20 09:56:55,0,0,0,0,0
2025-05-20 10:02:11,0,0,0,0,0
2025-05-20 10:06:23,0,0,0,0,0
2025-05-20 10:08:58,0,0,0,0,0
2025-05-20 10:11:15,0,0,0,0,0
2025-05-20 10:12:53,0,0,0,0,0
2025-05-20 10:13:30,0,0,0,0,0
2025-05-20 10:15:40,0,0,0,0,0
2025-05-20 10:17:53,0,0,0,0,0
2025-05-20 10:20:20,0,0,0,0,0
2025-05-20 10:22:48,0,0,0,0,0
2025-05-20 10:25:34,0,0,0,0,0
2025-05-20 10:26:30,0,0,0,0,0
2025-05-20 10:28:14,0,0,0,0,0
2025-05-20 10:32:07,0,0,0,0,0
2025-05-20 10:36:30,0,0,0,0,0
2025-05-20 10:40:09,0,0,0,0,0
2025-05-20 10:42:04,0,0,0,0,0
2025-05-20 10:44:57,0,0,0,0,0
2025-05-20 11:00:23,0,0,0,0,0
2025-05-20 11:00:30,0,0,0,0,0
2025-05-20 11:00:55,0,0,0,0,0
2025-05-20 11:03:13,0,0,0,0,0
2025-05-20 11:04:37,0,0,0,0,0
2025-05-20 11:06:34,0,0,0,0,0
2025-05-20 11:08:23,0,0,0,0,0
2025-05-20 11:08:28,0,0,0,0,0
2025-05-20 11:08:35,0,0,0,0,0
2025-05-20 11:09:22,0,0,0,0,0
2025-05-20 11:09:35,0,0,0,0,0
2025-05-20 11:10:54,0,0,0,0,0
2025-05-20 11:22:11,0,0,0,0,0
2025-05-20 11:22:26,0,0,0,0,0
2025-05-20 11:24:40,0,0,0,0,0
2025-05-20 11:24:50,0,0,0,0,0
2025-05-20 11:28:28,0,0,0,0,0
2025-05-20 11:31:19,0,0,0,0,0
2025-05-20 11:32:04,0,0,0,0,0
2025-05-20 11:32:57,0,0,0,0,0
2025-05-20 11:36:30,0,0,0,0,0
2025-05-20 11:37:18,0,0,0,0,0
2025-05-20 11:38:56,0,0,0,0,0
2025-05-20 11:40:51,0,0,0,0,0
2025-05-20 11:47:19,0,0,0,0,0
2025-05-20 11:55:47,0,0,0,0,0
2025-05-20 11:58:10,0,0,0,0,0
2025-05-20 11:58:36,0,0,0,0,0
2025-05-20 12:02:10,0,0,0,0,0
2025-05-20 12:06:26,0,0,0,0,0
2025-05-20 12:08:27,0,0,0,0,0
2025-05-20 12:13:26,0,0,0,0,0
2025-05-20 12:14:46,0,0,0,0,0
2025-05-20 12:15:00,0,0,0,0,0
2025-05-20 12:22:31,0,0,0,0,0
2025-05-20 12:26:46,0,0,0,0,0
2025-05-20 12:27:52,0,0,0,0,0
2025-05-20 12:31:30,0,0,0,0,0
2025-05-20 12:35:23,0,0,0,0,0
2025-05-20 12:37:06,0,0,0,0,0
2025-05-20 12:38:09,0,0,0,0,0
2025-05-20 12:38:45,0,0,0,0,0
2025-05-20 12:40:10,0,0,0,0,0
2025-05-20 12:44:20,0,0,0,0,0
2025-05-20 12:44:22,0,0,0,0,0
2025-05-20 12:46:27,0,0,0,0,0
2025-05-20 12:48:36,0,0,0,0,0
2025-05-20 12:48:48,0,0,0,0,0
2025-05-20 12:52:56,0,0,0,0,0
2025-05-20 12:55:38,0,0,0,0,0
2025-05-20 13:00:37,0,0,0,0,0
2025-05-20 13:00:40,0,0,0,0,0
2025-05-20 13:00:54,0,0,0,0,0
2025-05-20 13:03:23,0,0,0,0,0
2025-05-20 13:04:34,0,0,0,0,0
2025-05-20 13:11:41,0,0,0,0,0
2025-05-20 13:20:07,0,0,0,0,0
2025-05-20 13:20:19,0,0,0,0,0
2025-05-20 13:22:55,0,0,0,0,0
2025-05-20 13:27:39,0,0,0,0,0
2025-05-20 13:28:22,0,0,0,0,0
2025-05-20 13:41:29,0,0,0,0,0
2025-05-20 13:44:21,0,0,0,0,0
2025-05-20 13:47:19,0,0,0,0,0
2025-05-20 13:50:18,0,0,0,0,0
2025-05-20 13:52:16,0,0,0,0,0
2025-05-20 13:58:59,0,0,0,0,0
2025-05-20 14:05:48,0,0,0,0,0
2025-05-20 14:19:39,0,0,0,0,0
2025-05-20 14:23:21,0,0,0,0,0
2025-05-20 14:25:16,0,0,0,0,0
2025-05-20 14:26:56,0,0,0,0,0
2025-05-20 14:27:31,0,0,0,0,0
2025-05-20 14:32:09,0,0,0,0,0
2025-05-20 14:36:16,0,0,0,0,0
2025-05-20 14:37:43,0,0,0,0,0
2025-05-20 14:39:14,0,0,0,0,0
2025-05-20 14:39:18,0,0,0,0,0
2025-05-20 14:40:14,0,0,0,0,0
2025-05-20 14:41:19,0,0,0,0,0
2025-05-20 14:46:20,0,0,0,0,0
2025-05-20 14:48:09,0,0,0,0,0
2025-05-20 14:50:01,0,0,0,0,0
2025-05-20 14:52:25,0,0,0,0,0
2025-05-20 15:11:40,0,0,0,0,0
2025-05-20 15:14:43,0,0,0,0,0
2025-05-20 15:20:48,0,0,0,0,0
2025-05-20 15:28:02,0,0,0,0,0
2025-05-20 15:28:17,0,0,0,0,0
2025-05-20 15:32:32,0,0,0,0,0
2025-05-20 15:37:20,0,0,0,0,0
2025-05-20 15:43:43,0,0,0,0,0
2025-05-20 15:45:37,0,0,0,0,0
2025-05-20 15:54:01,0,0,0,0,0
2025-05-20 16:00:38,0,0,0,0,0
2025-05-20 16:06:23,0,0,0,0,0
2025-05-20 16:07:25,0,0,0,0,0
2025-05-20 16:17:11,0,0,0,0,0
2025-05-20 16:18:28,0,0,0,0,0
2025-05-20 16:31:27,0,0,0,0,0
2025-05-20 16:36:47,0,0,0,0,0
2025-05-20 16:41:29,0,0,0,0,0
2025-05-20 16:43:42,0,0,0,0,0
2025-05-20 16:51:09,0,0,0,0,0
2025-05-20 16:54:45,0,0,0,0,0
2025-05-20 16:59:53,0,0,0,0,0
2025-05-20 17:00:31,0,0,0,0,0
2025-05-20 17:03:37,0,0,0,0,0
2025-05-20 17:05:29,0,0,0,0,0
2025-05-20 17:05:41,0,0,0,0,0
2025-05-20 17:20:48,0,0,0,0,0
2025-05-20 17:22:11,0,0,0,0,0
2025-05-20 17:25:58,0,0,0,0,0
2025-05-20 17:37:02,0,0,0,0,0
2025-05-20 17:45:09,0,0,0,0,0
2025-05-20 17:54:43,0,0,0,0,0
2025-05-20 17:57:02,0,0,0,0,0
2025-05-20 18:07:21,0,0,0,0,0
2025-05-20 18:16:03,0,0,0,0,0
2025-05-20 18:19:45,0,0,0,0,0
2025-05-20 18:23:30,0,0,0,0,0
2025-05-20 18:26:12,0,0,0,0,0
2025-05-20 18:30:19,0,0,0,0,0
2025-05-20 18:31:59,0,0,0,0,0
2025-05-20 18:33:14,0,0,0,0,0
2025-05-20 18:36:29,0,0,0,0,0
2025-05-20 18:41:07,0,0,0,0,0
2025-05-20 18:41:40,0,0,0,0,0
2025-05-20 18:41:57,0,0,0,0,0
2025-05-20 18:45:49,0,0,0,0,0
2025-05-20 19:02:53,0,0,0,0,0
2025-05-20 19:03:08,0,0,0,0,0
2025-05-20 19:06:29,0,0,0,0,0
2025-05-20 19:12:59,0,0,0,0,0
2025-05-20 19:16:00,0,0,0,0,0
2025-05-20 19:20:49,0,0,0,0,0
2025-05-20 19:21:26,0,0,0,0,0
2025-05-20 19:21:54,0,0,0,0,0
2025-05-20 19:26:50,0,0,0,0,0
2025-05-20 19:29:54,0,0,0,0,0
2025-05-20 19:31:05,0,0,0,0,0
2025-05-20 19:32:26,0,0,0,0,0
2025-05-20 19:32:34,0,0,0,0,0
2025-05-20 19:34:52,0,0,0,0,0
2025-05-20 19:35:16,0,0,0,0,0
2025-05-20 19:36:31,0,0,0,0,0
2025-05-20 19:44:21,0,0,0,0,0
2025-05-20 19:45:51,0,0,0,0,0
2025-05-20 19:55:18,0,0,0,0,0
2025-05-20 19:56:53,0,0,0,0,0
2025-05-20 20:03:02,0,0,0,0,0
2025-05-20 20:05:30,0,0,0,0,0
2025-05-20 20:06:22,0,0,0,0,0
2025-05-20 20:08:21,0,0,0,0,0
2025-05-20 20:10:41,0,0,0,0,0
2025-05-20 20:14:20,0,0,0,0,0
2025-05-20 20:15:15,0,0,0,0,0
2025-05-20 20:16:26,0,0,0,0,0
2025-05-20 20:30:24,0,0,0,0,0
2025-05-20 20:35:06,0,0,0,0,0
2025-05-20 20:48:52,0,0,0,0,0
2025-05-20 20:49:45,0,0,0,0,0
2025-05-20 20:51:34,0,0,0,0,0
2025-05-20 20:52:11,0,0,0,0,0
2025-05-20 20:57:41,0,0,0,0,0
2025-05-20 20:58:54,0,0,0,0,0
2025-05-20 21:06:49,0,0,0,0,0
2025-05-20 21:09:01,0,0,0,0,0
2025-05-20 21:11:36,0,0,0,0,0
2025-05-20 21:12:25,0,0,0,0,0
2025-05-20 21:15:34,0,0,0,0,0
2025-05-20 21:16:24,0,0,0,0,0
2025-05-20 21:18:10,0,0,0,0,0
2025-05-20 21:18:39,0,0,0,0,0
2025-05-20 21:19:38,0,0,0,0,0
2025-05-20 21:24:40,0,0,0,0,0
2025-05-20 21:27:12,0,0,0,0,0
2025-05-20 21:31:25,0,0,0,0,0
2025-05-20 21:33:29,0,0,0,0,0
2025-05-20 21:36:12,0,0,0,0,0
2025-05-20 21:49:08,0,0,0,0,0
2025-05-20 21:49:59,0,0,0,0,0
2025-05-20 21:56:41,0,0,0,0,0
2025-05-20 22:02:51,0,0,0,0,0
2025-05-20 22:07:51,0,0,0,0,0
2025-05-20 22:16:15,0,0,0,0,0
2025-05-20 22:21:50,0,0,0,0,0
2025-05-20 22:24:18,0,0,0,0,0
2025-05-20 22:24:25,0,0,0,0,0
2025-05-20 22:38:25,0,0,0,0,0
2025-05-20 22:39:53,0,0,0,0,0
2025-05-20 22:47:19,0,0,0,0,0
2025-05-20 22:48:22,0,0,0,0,0
2025-05-20 22:49:47,0,0,0,0,0
2025-05-20 22:55:43,0,0,0,0,0
2025-05-20 22:56:17,0,0,0,0,0
2025-05-20 22:59:01,0,0,0,0,0
2025-05-20 23:00:30,0,0,0,0,0
2025-05-20 23:04:21,0,0,0,0,0
2025-05-20 23:14:41,0,0,0,0,0
2025-05-20 23:18:18,0,0,0,0,0
2025-05-20 23:24:01,0,0,0,0,0
2025-05-20 23:33:43,0,0,0,0,0
2025-05-20 23:37:04,0,0,0,0,0
2025-05-21 00:06:05,0,0,0,0,0
2025-05-21 00:10:01,0,0,0,0,0
2025-05-21 00:11:44,0,0,0,0,0
2025-05-21 00:18:51,0,0,0,0,0
2025-05-21 00:35:06,0,0,0,0,0
2025-05-21 00:40:10,0,0,0,0,0
2025-05-21 00:46:34,0,0,0,0,0
2025-05-21 00:49:02,0,0,0,0,0
2025-05-21 00:50:41,0,0,0,0,0
2025-05-21 01:07:50,0,0,0,0,0
2025-05-21 01:15:49,0,0,0,0,0
2025-05-21 01:21:44,0,0,0,0,0
2025-05-21 01:27:53,0,0,0,0,0
2025-05-21 01:43:56,0,0,0,0,0
2025-05-21 02:14:09,0,0,0,0,0
2025-05-21 02:28:28,0,0,0,0,0
2025-05-21 02:43:59,0,0,0,0,0
2025-05-21 02:47:50,0,0,0,0,0
2025-05-21 02:53:03,0,0,0,0,0
2025-05-21 02:53:14,0,0,0,0,0
2025-05-21 02:54:00,0,0,0,0,0
2025-05-21 03:18:06,0,0,0,0,0
2025-05-21 03:24:10,0,0,0,0,0
2025-05-21 05:51:22,0,0,0,0,0
2025-05-21 06:01:08,0,0,0,0,0
2025-05-21 06:31:56,0,0,0,0,0
2025-05-21 06:36:55,0,0,0,0,0
2025-05-21 07:11:27,0,0,0,0,0
2025-05-21 07:17:18,0,0,0,0,0
2025-05-21 07:25:39,0,0,0,0,0
2025-05-21 07:29:09,0,0,0,0,0
2025-05-21 07:29:18,0,0,0,0,0
2025-05-21 07:30:21,0,0,0,0,0
2025-05-21 07:41:56,0,0,0,0,0
2025-05-21 07:44:11,0,0,0,0,0
2025-05-21 08:00:23,0,0,0,0,0
2025-05-21 08:26:36,0,0,0,0,0
2025-05-21 08:26:51,0,0,0,0,0
2025-05-21 08:29:49,0,0,0,0,0
2025-05-21 08:39:46,0,0,0,0,0
2025-05-21 09:03:16,0,0,0,0,0
2025-05-21 09:06:47,0,0,0,0,0
2025-05-21 09:08:02,0,0,0,0,0
2025-05-21 09:10:12,0,0,0,0,0
2025-05-21 09:15:11,0,0,0,0,0
2025-05-21 09:21:18,0,0,0,0,0
2025-05-21 09:23:45,0,0,0,0,0
2025-05-21 09:24:44,0,0,0,0,0
2025-05-21 09:30:09,0,0,0,0,0
2025-05-21 09:33:00,0,0,0,0,0
2025-05-21 09:35:09,0,0,0,0,0
2025-05-21 09:37:38,0,0,0,0,0
2025-05-21 09:47:25,0,0,0,0,0
2025-05-21 09:49:48,0,0,0,0,0
2025-05-21 09:58:32,0,0,0,0,0
2025-05-21 10:09:30,0,0,0,0,0
2025-05-21 10:11:13,0,0,0,0,0
2025-05-21 10:13:01,0,0,0,0,0
2025-05-21 10:16:01,0,0,0,0,0
2025-05-21 10:16:36,0,0,0,0,0
2025-05-21 10:23:15,0,0,0,0,0
2025-05-21 10:23:57,0,0,0,0,0
2025-05-21 10:30:53,0,0,0,0,0
2025-05-21 10:31:42,0,0,0,0,0
2025-05-21 10:37:23,0,0,0,0,0
2025-05-21 10:43:31,0,0,0,0,0
2025-05-21 10:46:52,0,0,0,0,0
2025-05-21 10:50:55,0,0,0,0,0
2025-05-21 10:53:38,0,0,0,0,0
2025-05-21 10:58:12,0,0,0,0,0
2025-05-21 11:03:39,0,0,0,0,0
2025-05-21 11:04:51,0,0,0,0,0
2025-05-21 11:07:03,0,0,0,0,0
2025-05-21 11:08:43,0,0,0,0,0
2025-05-21 11:12:29,0,0,0,0,0
2025-05-21 11:14:25,0,0,0,0,0
2025-05-21 11:17:08,0,0,0,0,0
2025-05-21 11:17:37,0,0,0,0,0
2025-05-21 11:21:56,0,0,0,0,0
2025-05-21 11:24:36,0,0,0,0,0
2025-05-21 11:25:52,0,0,0,0,0
2025-05-21 11:26:41,0,0,0,0,0
2025-05-21 11:33:19,0,0,0,0,0
2025-05-21 11:37:57,0,0,0,0,0
2025-05-21 11:39:05,0,0,0,0,0
2025-05-21 11:40:37,0,0,0,0,0
2025-05-21 11:41:18,0,0,0,0,0
2025-05-21 11:47:55,0,0,0,0,0
2025-05-21 11:49:17,0,0,0,0,0
2025-05-21 11:56:02,0,0,0,0,0
2025-05-21 11:58:40,0,0,0,0,0
2025-05-21 12:02:04,0,0,0,0,0
2025-05-21 12:08:36,0,0,0,0,0
2025-05-21 12:11:58,0,0,0,0,0
2025-05-21 12:19:04,0,0,0,0,0
2025-05-21 12:20:09,0,0,0,0,0
2025-05-21 12:32:39,0,0,0,0,0
2025-05-21 12:35:29,0,0,0,0,0
2025-05-21 12:35:32,0,0,0,0,0
2025-05-21 12:41:16,0,0,0,0,0
2025-05-21 12:42:27,0,0,0,0,0
2025-05-21 12:43:27,0,0,0,0,0
2025-05-21 12:49:37,0,0,0,0,0
2025-05-21 13:09:01,0,0,0,0,0
2025-05-21 13:22:00,0,0,0,0,0
2025-05-21 13:22:19,0,0,0,0,0
2025-05-21 13:22:30,0,0,0,0,0
2025-05-21 13:24:33,0,0,0,0,0
2025-05-21 13:36:15,0,0,0,0,0
2025-05-21 13:45:23,0,0,0,0,0
2025-05-21 13:53:22,0,0,0,0,0
2025-05-21 13:58:37,0,0,0,0,0
2025-05-21 14:01:34,0,0,0,0,0
2025-05-21 14:02:38,0,0,0,0,0
2025-05-21 14:15:42,0,0,0,0,0
2025-05-21 14:16:15,0,0,0,0,0
2025-05-21 14:18:15,0,0,0,0,0
2025-05-21 14:22:35,0,0,0,0,0
2025-05-21 14:24:14,0,0,0,0,0
2025-05-21 14:29:26,0,0,0,0,0
2025-05-21 14:33:56,0,0,0,0,0
2025-05-21 14:55:32,0,0,0,0,0
2025-05-21 14:56:02,0,0,0,0,0
2025-05-21 15:00:13,0,0,0,0,0
2025-05-21 15:07:40,0,0,0,0,0
2025-05-21 15:18:37,0,0,0,0,0
2025-05-21 15:20:31,0,0,0,0,0
2025-05-21 15:22:16,0,0,0,0,0
2025-05-21 15:22:59,0,0,0,0,0
2025-05-21 15:48:09,0,0,0,0,0
2025-05-21 15:50:36,0,0,0,0,0
2025-05-21 15:55:00,0,0,0,0,0
2025-05-21 16:01:36,0,0,0,0,0
2025-05-21 16:02:10,0,0,0,0,0
2025-05-21 16:08:54,0,0,0,0,0
2025-05-21 16:09:12,0,0,0,0,0
2025-05-21 16:13:54,0,0,0,0,0
2025-05-21 16:28:23,0,0,0,0,0
2025-05-21 16:34:48,0,0,0,0,0
2025-05-21 16:43:32,0,0,0,0,0
2025-05-21 16:48:24,0,0,0,0,0
2025-05-21 16:55:16,0,0,0,0,0
2025-05-21 16:57:08,0,0,0,0,0
2025-05-21 17:02:50,0,0,0,0,0
2025-05-21 17:24:59,0,0,0,0,0
2025-05-21 17:31:35,0,0,0,0,0
2025-05-21 17:31:51,0,0,0,0,0
2025-05-21 17:37:32,0,0,0,0,0
2025-05-21 17:38:03,0,0,0,0,0
2025-05-21 17:43:49,0,0,0,0,0
2025-05-21 17:45:27,0,0,0,0,0
2025-05-21 17:52:18,0,0,0,0,0
2025-05-21 17:54:40,0,0,0,0,0
2025-05-21 17:56:28,0,0,0,0,0
2025-05-21 17:56:51,0,0,0,0,0
2025-05-21 18:01:55,0,0,0,0,0
2025-05-21 18:02:49,0,0,0,0,0
2025-05-21 18:07:00,0,0,0,0,0
2025-05-21 18:08:32,0,0,0,0,0
2025-05-21 18:10:56,0,0,0,0,0
2025-05-21 18:18:38,0,0,0,0,0
2025-05-21 18:26:18,0,0,0,0,0
2025-05-21 18:27:15,0,0,0,0,0
2025-05-21 18:28:19,0,0,0,0,0
2025-05-21 18:29:18,0,0,0,0,0
2025-05-21 18:29:28,0,0,0,0,0
2025-05-21 18:30:20,0,0,0,0,0
2025-05-21 18:39:33,0,0,0,0,0
2025-05-21 18:58:19,0,0,0,0,0
2025-05-21 18:59:32,0,0,0,0,0
2025-05-21 19:00:37,0,0,0,0,0
2025-05-21 19:07:18,0,0,0,0,0
2025-05-21 19:08:57,0,0,0,0,0
2025-05-21 19:08:58,0,0,0,0,0
2025-05-21 19:17:20,0,0,0,0,0
2025-05-21 19:18:34,0,0,0,0,0
2025-05-21 19:19:55,0,0,0,0,0
2025-05-21 19:26:53,0,0,0,0,0
2025-05-21 19:28:58,0,0,0,0,0
2025-05-21 19:41:46,0,0,0,0,0
2025-05-21 19:41:54,0,0,0,0,0
2025-05-21 19:42:34,0,0,0,0,0
2025-05-21 19:48:27,0,0,0,0,0
2025-05-21 19:54:10,0,0,0,0,0
2025-05-21 19:56:44,0,0,0,0,0
2025-05-21 20:02:28,0,0,0,0,0
2025-05-21 20:03:37,0,0,0,0,0
2025-05-21 20:06:23,0,0,0,0,0
2025-05-21 20:21:42,0,0,0,0,0
2025-05-21 20:22:45,0,0,0,0,0
2025-05-21 20:24:56,0,0,0,0,0
2025-05-21 20:30:02,0,0,0,0,0
2025-05-21 20:37:51,0,0,0,0,0
2025-05-21 20:57:55,0,0,0,0,0
2025-05-21 21:23:26,0,0,0,0,0
2025-05-21 21:34:09,0,0,0,0,0
2025-05-21 21:34:43,0,0,0,0,0
2025-05-21 21:45:16,0,0,0,0,0
2025-05-21 21:51:33,0,0,0,0,0
2025-05-21 22:02:42,0,0,0,0,0
2025-05-21 22:03:26,0,0,0,0,0
2025-05-21 22:06:19,0,0,0,0,0
2025-05-21 22:19:54,0,0,0,0,0
2025-05-21 22:38:36,0,0,0,0,0
2025-05-21 22:48:46,0,0,0,0,0
2025-05-21 22:58:52,0,0,0,0,0
2025-05-21 23:02:18,0,0,0,0,0
2025-05-21 23:29:36,0,0,0,0,0
2025-05-21 23:30:24,0,0,0,0,0
2025-05-21 23:36:42,0,0,0,0,0
2025-05-21 23:55:46,0,0,0,0,0
2025-05-21 23:59:34,0,0,0,0,0
2025-05-22 00:03:06,0,0,0,0,0
2025-05-22 00:04:38,0,0,0,0,0
2025-05-22 00:14:17,0,0,0,0,0
2025-05-22 00:18:59,0,0,0,0,0
2025-05-22 00:34:30,0,0,0,0,0
2025-05-22 00:42:36,0,0,0,0,0
2025-05-22 00:48:01,0,0,0,0,0
2025-05-22 01:01:50,0,0,0,0,0
2025-05-22 02:31:56,0,0,0,0,0
2025-05-22 05:36:35,0,0,0,0,0
2025-05-22 06:35:24,0,0,0,0,0
2025-05-22 07:10:54,0,0,0,0,0
2025-05-22 07:48:44,0,0,0,0,0
2025-05-22 07:59:29,0,0,0,0,0
2025-05-22 08:21:58,0,0,0,0,0
2025-05-22 08:28:22,0,0,0,0,0
2025-05-22 08:45:40,0,0,0,0,0
2025-05-22 08:50:13,0,0,0,0,0
2025-05-22 08:54:18,0,0,0,0,0
2025-05-22 09:09:14,0,0,0,0,0
2025-05-22 09:19:23,0,0,0,0,0
2025-05-22 09:20:39,0,0,0,0,0
2025-05-22 09:22:31,0,0,0,0,0
2025-05-22 09:23:19,0,0,0,0,0
2025-05-22 10:09:03,0,0,0,0,0
2025-05-22 10:09:19,0,0,0,0,0
2025-05-22 11:03:24,0,0,0,0,0
2025-05-22 11:42:32,0,0,0,0,0
2025-05-22 11:50:44,0,0,0,0,0
2025-05-22 12:07:53,0,0,0,0,0
2025-05-22 12:27:53,0,0,0,0,0
2025-05-22 13:02:06,0,0,0,0,0
2025-05-22 13:05:56,0,0,0,0,0
2025-05-22 13:23:13,0,0,0,0,0
2025-05-22 13:28:13,0,0,0,0,0
2025-05-22 13:34:21,0,0,0,0,0
2025-05-22 13:40:46,0,0,0,0,0
2025-05-22 13:58:51,0,0,0,0,0
2025-05-22 14:23:17,0,0,0,0,0
2025-05-22 14:40:06,0,0,0,0,0
2025-05-22 14:50:35,0,0,0,0,0
2025-05-22 15:30:16,0,0,0,0,0
2025-05-22 15:52:39,0,0,0,0,0
2025-05-22 16:14:00,0,0,0,0,0
2025-05-22 16:40:39,0,0,0,0,0
2025-05-22 16:41:20,0,0,0,0,0
2025-05-22 17:44:15,0,0,0,0,0
2025-05-22 18:30:02,0,0,0,0,0
2025-05-22 18:31:29,0,0,0,0,0
2025-05-22 18:42:54,0,0,0,0,0
2025-05-22 20:00:08,0,0,0,0,0
2025-05-22 20:14:41,0,0,0,0,0
2025-05-22 20:17:05,0,0,0,0,0
2025-05-22 20:30:12,0,0,0,0,0
2025-05-22 20:41:52,0,0,0,0,0
2025-05-22 21:12:46,0,0,0,0,0
2025-05-22 21:38:56,0,0,0,0,0
2025-05-22 21:58:49,0,0,0,0,0
2025-05-22 22:06:56,0,0,0,0,0
2025-05-22 22:34:12,0,0,0,0,0
2025-05-22 22:46:58,0,0,0,0,0
2025-05-22 23:00:11,0,0,0,0,0
2025-05-22 23:02:51,0,0,0,0,0
2025-05-22 23:10:21,0,0,0,0,0
2025-05-22 23:16:00,0,0,0,0,0
2025-05-22 23:37:49,0,0,0,0,0
2025-05-22 23:52:43,0,0,0,0,0
2025-05-22 23:59:23,0,0,0,0,0
2025-05-23 00:40:19,0,0,0,0,0
2025-05-23 02:04:13,0,0,0,0,0
2025-05-23 03:06:42,0,0,0,0,0
2025-05-23 07:30:17,0,0,0,0,0
2025-05-23 07:40:28,0,0,0,0,0
2025-05-23 07:40:38,0,0,0,0,0
2025-05-23 08:10:09,0,0,0,0,0
2025-05-23 08:42:25,0,0,0,0,0
2025-05-23 08:44:24,0,0,0,0,0
2025-05-23 09:05:05,0,0,0,0,0
2025-05-23 09:05:59,0,0,0,0,0
2025-05-23 09:36:48,0,0,0,0,0
2025-05-23 10:29:12,0,0,0,0,0
2025-05-23 10:49:27,0,0,0,0,0
2025-05-23 11:16:51,0,0,0,0,0
2025-05-23 11:35:09,0,0,0,0,0
2025-05-23 11:50:22,0,0,0,0,0
2025-05-23 11:56:27,0,0,0,0,0
2025-05-23 12:31:45,0,0,0,0,0
2025-05-23 13:14:14,0,0,0,0,0
2025-05-23 13:15:47,0,0,0,0,0
2025-05-23 13:26:43,0,0,0,0,0
2025-05-23 14:09:52,0,0,0,0,0
2025-05-23 14:19:23,0,0,0,0,0
2025-05-23 15:25:39,0,0,0,0,0
2025-05-23 15:34:46,0,0,0,0,0
2025-05-23 15:36:41,0,0,0,0,0
2025-05-23 16:17:10,0,0,0,0,0
2025-05-23 16:25:34,0,0,0,0,0
2025-05-23 16:34:38,0,0,0,0,0
2025-05-23 16:42:17,0,0,0,0,0
2025-05-23 16:43:40,0,0,0,0,0
2025-05-23 16:46:12,0,0,0,0,0
2025-05-23 16:46:30,0,0,0,0,0
2025-05-23 16:47:30,0,0,0,0,0
2025-05-23 16:50:51,0,0,0,0,0
2025-05-23 16:52:53,0,0,0,0,0
2025-05-23 16:53:50,0,0,0,0,0
2025-05-23 16:55:43,0,0,0,0,0
2025-05-23 17:00:46,0,0,0,0,0
2025-05-23 17:06:34,0,0,0,0,0
2025-05-23 17:07:14,0,0,0,0,0
2025-05-23 17:09:42,0,0,0,0,0
2025-05-23 17:11:57,0,0,0,0,0
2025-05-23 17:19:59,0,0,0,0,0
2025-05-23 17:22:45,0,0,0,0,0
2025-05-23 17:37:25,0,0,0,0,0
2025-05-23 17:43:12,0,0,0,0,0
2025-05-23 17:46:59,0,0,0,0,0
2025-05-23 17:47:28,0,0,0,0,0
2025-05-23 17:53:43,0,0,0,0,0
2025-05-23 18:04:11,0,0,0,0,0
2025-05-23 18:15:12,0,0,0,0,0
2025-05-23 18:19:28,0,0,0,0,0
2025-05-23 18:31:16,0,0,0,0,0
2025-05-23 18:34:07,0,0,0,0,0
2025-05-23 18:55:04,0,0,0,0,0
2025-05-23 18:59:32,0,0,0,0,0
2025-05-23 19:16:38,0,0,0,0,0
2025-05-23 19:20:08,0,0,0,0,0
2025-05-23 19:57:06,0,0,0,0,0
2025-05-23 19:57:22,0,0,0,0,0
2025-05-23 20:04:53,0,0,0,0,0
2025-05-23 20:20:45,0,0,0,0,0
2025-05-23 20:25:17,0,0,0,0,0
2025-05-23 20:34:52,0,0,0,0,0
2025-05-23 21:15:54,0,0,0,0,0
2025-05-23 22:20:34,0,0,0,0,0
2025-05-23 23:47:24,0,0,0,0,0
2025-05-24 03:03:37,0,0,0,0,0
2025-05-24 03:17:57,0,0,0,0,0
2025-05-24 05:25:21,0,0,0,0,0
2025-05-24 05:38:09,0,0,0,0,0
2025-05-24 05:41:12,0,0,0,0,0
2025-05-24 07:03:23,0,0,0,0,0
2025-05-24 09:54:39,0,0,0,0,0
2025-05-24 11:03:51,0,0,0,0,0
2025-05-24 13:35:51,0,0,0,0,0
2025-05-24 16:44:58,0,0,0,0,0
2025-05-24 16:55:03,0,0,0,0,0
2025-05-24 18:41:52,0,0,0,0,0
2025-05-24 19:12:31,0,0,0,0,0
2025-05-24 21:44:33,0,0,0,0,0
2025-05-24 22:13:00,0,0,0,0,0
2025-05-24 23:38:34,0,0,0,0,0
2025-05-25 10:17:50,0,0,0,0,0
2025-05-25 10:33:10,0,0,0,0,0
2025-05-25 13:17:36,0,0,0,0,0
2025-05-25 15:29:13,0,0,0,0,0
2025-05-25 16:00:20,0,0,0,0,0
2025-05-25 17:48:57,0,0,0,0,0
2025-05-25 17:56:59,0,0,0,0,0
2025-05-25 19:12:12,0,0,0,0,0
2025-05-25 19:12:52,0,0,0,0,0
2025-05-25 19:20:05,0,0,0,0,0
2025-05-25 19:45:38,0,0,0,0,0
2025-05-25 20:07:44,0,0,0,0,0
2025-05-25 20:47:47,0,0,0,0,0
2025-05-25 22:23:55,0,0,0,0,0
2025-05-25 22:42:18,0,0,0,0,0
2025-05-25 22:44:32,0,0,0,0,0
2025-05-26 00:40:38,0,0,0,0,0
2025-05-26 02:46:07,0,0,0,0,0
2025-05-26 06:51:58,0,0,0,0,0
2025-05-26 09:37:52,0,0,0,0,0
2025-05-26 11:26:35,0,0,0,0,0
2025-05-26 11:49:10,0,0,0,0,0
2025-05-26 12:23:41,0,0,0,0,0
2025-05-26 13:49:45,0,0,0,0,0
2025-05-26 15:55:11,0,0,0,0,0
2025-05-26 15:59:53,0,0,0,0,0
2025-05-26 16:21:03,0,0,0,0,0
2025-05-26 17:04:55,0,0,0,0,0
2025-05-26 17:58:58,0,0,0,0,0
2025-05-26 19:07:09,0,0,0,0,0
2025-05-26 19:31:28,0,0,0,0,0
2025-05-26 19:37:49,0,0,0,0,0
2025-05-26 19:54:13,0,0,0,0,0
2025-05-26 19:58:02,0,0,0,0,0
2025-05-26 20:03:19,0,0,0,0,0
2025-05-26 20:23:24,0,0,0,0,0
2025-05-26 20:52:20,0,0,0,0,0
2025-05-26 21:00:45,0,0,0,0,0
2025-05-26 21:22:48,0,0,0,0,0
2025-05-26 22:07:10,0,0,0,0,0
2025-05-26 23:02:37,0,0,0,0,0
2025-05-27 07:54:27,0,0,0,0,0
2025-05-27 08:26:46,0,0,0,0,0
2025-05-27 08:54:58,0,0,0,0,0
2025-05-27 09:09:55,0,0,0,0,0
2025-05-27 10:14:18,0,0,0,0,0
2025-05-27 12:06:10,0,0,0,0,0
2025-05-27 12:21:57,0,0,0,0,0
2025-05-27 12:29:34,0,0,0,0,0
2025-05-27 14:11:20,0,0,0,0,0
2025-05-27 14:15:37,0,0,0,0,0
2025-05-27 15:45:41,0,0,0,0,0
2025-05-27 15:48:41,0,0,0,0,0
2025-05-27 16:15:47,0,0,0,0,0
2025-05-27 16:43:54,0,0,0,0,0
2025-05-27 17:20:34,0,0,0,0,0
2025-05-27 18:11:21,0,0,0,0,0
2025-05-27 20:02:00,0,0,0,0,0
2025-05-27 20:40:33,0,0,0,0,0
2025-05-27 23:51:54,0,0,0,0,0
2025-05-28 00:01:30,0,0,0,0,0
2025-05-28 06:52:01,0,0,0,0,0
2025-05-28 07:52:24,0,0,0,0,0
2025-05-28 09:02:47,0,0,0,0,0
2025-05-28 10:41:25,0,0,0,0,0
2025-05-28 12:34:23,0,0,0,0,0
2025-05-28 17:05:30,0,0,0,0,0
2025-05-28 18:58:15,0,0,0,0,0
2025-05-28 20:25:27,0,0,0,0,0
2025-05-28 20:51:34,0,0,0,0,0
2025-05-28 23:08:02,0,0,0,0,0
2025-05-28 23:36:09,0,0,0,0,0
2025-05-29 00:20:45,0,0,0,0,0
2025-05-29 02:36:26,0,0,0,0,0
2025-05-29 06:40:44,0,0,0,0,0
2025-05-29 06:54:29,0,0,0,0,0
2025-05-29 07:44:47,0,0,0,0,0
2025-05-29 08:08:39,0,0,0,0,0
2025-05-29 08:38:01,0,0,0,0,0
2025-05-29 08:38:27,0,0,0,0,0
2025-05-29 08:56:09,0,0,0,0,0
2025-05-29 09:04:25,0,0,0,0,0
2025-05-29 10:23:50,0,0,0,0,0
2025-05-29 12:56:49,0,0,0,0,0
2025-05-29 14:00:42,0,0,0,0,0
2025-05-29 14:24:43,0,0,0,0,0
2025-05-29 14:42:39,0,0,0,0,0
2025-05-29 16:06:29,0,0,0,0,0
2025-05-29 18:59:30,0,0,0,0,0
2025-05-29 23:18:42,0,0,0,0,0
2025-05-30 10:32:45,0,0,0,0,0
2025-05-30 10:37:30,0,0,0,0,0
2025-05-30 16:06:49,0,0,0,0,0
2025-05-30 17:30:37,0,0,0,0,0
2025-05-30 18:20:32,0,0,0,0,0
2025-05-30 18:24:52,0,0,0,0,0
2025-05-30 18:28:19,0,0,0,0,0
2025-05-30 19:00:18,0,0,0,0,0
2025-05-30 23:32:23,0,0,0,0,0
2025-05-30 23:50:26,0,0,0,0,0
2025-05-31 00:29:06,0,0,0,0,0
2025-05-31 06:50:18,0,0,0,0,0
2025-05-31 09:18:41,0,0,0,0,0
2025-05-31 09:23:13,0,0,0,0,0
2025-05-31 09:27:43,0,0,0,0,0
2025-05-31 09:35:13,0,0,0,0,0
2025-05-31 09:37:22,0,0,0,0,0
2025-05-31 09:37:38,0,0,0,0,0
2025-05-31 09:39:55,0,0,0,0,0
2025-05-31 09:45:11,0,0,0,0,0
2025-05-31 09:47:01,0,0,0,0,0
2025-05-31 09:48:21,0,0,0,0,0
2025-05-31 09:48:29,0,0,0,0,0
2025-05-31 09:48:51,0,0,0,0,0
2025-05-31 09:49:07,0,0,0,0,0
2025-05-31 10:03:02,0,0,0,0,0
2025-05-31 10:12:59,0,0,0,0,0
2025-05-31 10:20:42,0,0,0,0,0
2025-05-31 10:20:47,0,0,0,0,0
2025-05-31 10:29:17,0,0,0,0,0
2025-05-31 10:31:51,0,0,0,0,0
2025-05-31 10:41:52,0,0,0,0,0
2025-05-31 10:42:48,0,0,0,0,0
2025-05-31 10:58:55,0,0,0,0,0
2025-05-31 11:00:25,0,0,0,0,0
2025-05-31 11:00:45,0,0,0,0,0
2025-05-31 11:05:24,0,0,0,0,0
2025-05-31 11:10:35,0,0,0,0,0
2025-05-31 11:15:29,0,0,0,0,0
2025-05-31 11:21:11,0,0,0,0,0
2025-05-31 11:27:46,0,0,0,0,0
2025-05-31 11:28:52,0,0,0,0,0
2025-05-31 11:33:13,0,0,0,0,0
2025-05-31 11:39:53,0,0,0,0,0
2025-05-31 11:58:51,0,0,0,0,0
2025-05-31 11:59:25,0,0,0,0,0
2025-05-31 12:05:02,0,0,0,0,0
2025-05-31 12:06:41,0,0,0,0,0
2025-05-31 12:10:19,0,0,0,0,0
2025-05-31 12:19:48,0,0,0,0,0
2025-05-31 12:38:31,0,0,0,0,0
2025-05-31 12:41:01,0,0,0,0,0
2025-05-31 12:55:49,0,0,0,0,0
2025-05-31 12:59:48,0,0,0,0,0
2025-05-31 13:12:54,0,0,0,0,0
2025-05-31 13:20:54,0,0,0,0,0
2025-05-31 13:27:52,0,0,0,0,0
2025-05-31 13:33:11,0,0,0,0,0
2025-05-31 13:43:37,0,0,0,0,0
2025-05-31 13:45:03,0,0,0,0,0
2025-05-31 13:51:45,0,0,0,0,0
2025-05-31 13:57:14,0,0,0,0,0
2025-05-31 14:00:55,0,0,0,0,0
2025-05-31 14:22:22,0,0,0,0,0
2025-05-31 14:33:23,0,0,0,0,0
2025-05-31 14:36:21,0,0,0,0,0
2025-05-31 14:52:58,0,0,0,0,0
2025-05-31 15:11:58,0,0,0,0,0
2025-05-31 15:28:20,0,0,0,0,0
2025-05-31 16:02:18,0,0,0,0,0
2025-05-31 16:28:24,0,0,0,0,0
2025-05-31 16:40:39,0,0,0,0,0
2025-05-31 16:45:57,0,0,0,0,0
2025-05-31 17:18:04,0,0,0,0,0
2025-05-31 17:42:22,0,0,0,0,0
2025-05-31 17:56:24,0,0,0,0,0
2025-05-31 18:56:08,0,0,0,0,0
2025-05-31 19:09:22,0,0,0,0,0
2025-05-31 19:14:27,0,0,0,0,0
2025-05-31 21:36:19,0,0,0,0,0
2025-05-31 21:39:31,0,0,0,0,0
2025-05-31 21:55:51,0,0,0,0,0
2025-05-31 22:12:35,0,0,0,0,0
2025-05-31 22:31:55,0,0,0,0,0
2025-05-31 23:20:57,0,0,0,0,0
2025-05-31 23:38:45,0,0,0,0,0
2025-05-31 23:57:16,0,0,0,0,0
2025-06-01 03:17:51,0,0,0,0,0
2025-06-01 08:14:43,0,0,0,0,0
2025-06-01 09:52:37,0,0,0,0,0
2025-06-01 10:54:17,0,0,0,0,0
2025-06-01 11:01:52,0,0,0,0,0
2025-06-01 12:17:43,0,0,0,0,0
2025-06-01 14:08:56,0,0,0,0,0
2025-06-01 14:16:01,0,0,0,0,0
2025-06-01 14:22:06,0,0,0,0,0
2025-06-01 14:55:15,0,0,0,0,0
2025-06-01 15:01:51,0,0,0,0,0
2025-06-01 15:40:09,0,0,0,0,0
2025-06-01 16:15:12,0,0,0,0,0
2025-06-01 16:17:44,0,0,0,0,0
2025-06-01 17:13:34,0,0,0,0,0
2025-06-01 17:50:19,0,0,0,0,0
2025-06-01 17:55:15,0,0,0,0,0
2025-06-01 19:36:59,0,0,0,0,0
2025-06-01 23:14:49,0,0,0,0,0
2025-06-01 23:59:47,0,0,0,0,0
2025-06-02 05:47:46,0,0,0,0,0
2025-06-02 09:25:06,0,0,0,0,0
2025-06-02 10:33:20,0,0,0,0,0
2025-06-02 10:54:15,0,0,0,0,0
2025-06-02 12:21:43,0,0,0,0,0
2025-06-02 13:32:45,0,0,0,0,0
2025-06-02 13:52:40,0,0,0,0,0
2025-06-02 14:06:16,0,0,0,0,0
2025-06-02 14:27:23,0,0,0,0,0
2025-06-02 14:48:13,0,0,0,0,0
2025-06-02 15:40:21,0,0,0,0,0
2025-06-02 15:45:19,0,0,0,0,0
2025-06-02 17:39:23,0,0,0,0,0
2025-06-02 17:42:29,0,0,0,0,0
2025-06-02 17:44:48,0,0,0,0,0
2025-06-02 18:37:17,0,0,0,0,0
2025-06-02 18:47:46,0,0,0,0,0
2025-06-02 19:07:57,0,0,0,0,0
2025-06-02 19:15:49,0,0,0,0,0
2025-06-02 19:26:07,0,0,0,0,0
2025-06-02 21:09:25,0,0,0,0,0
2025-06-03 00:07:18,0,0,0,0,0
2025-06-03 00:23:44,0,0,0,0,0
2025-06-03 01:29:23,0,0,0,0,0
2025-06-03 05:25:04,0,0,0,0,0
2025-06-03 08:59:19,0,0,0,0,0
2025-06-03 11:56:06,0,0,0,0,0
2025-06-03 13:32:32,0,0,0,0,0
2025-06-03 14:45:11,0,0,0,0,0
2025-06-03 15:10:57,0,0,0,0,0
2025-06-03 18:20:40,0,0,0,0,0
2025-06-03 18:54:48,0,0,0,0,0
2025-06-03 21:40:58,0,0,0,0,0
2025-06-03 23:27:36,0,0,0,0,0
2025-06-03 23:38:58,0,0,0,0,0
2025-06-04 01:03:34,0,0,0,0,0
2025-06-04 02:04:49,0,0,0,0,0
2025-06-04 03:06:53,0,0,0,0,0
2025-06-04 08:27:30,0,0,0,0,0
2025-06-04 11:21:02,0,0,0,0,0
2025-06-04 12:08:23,0,0,0,0,0
2025-06-04 13:02:31,0,0,0,0,0
2025-06-04 13:23:10,0,0,0,0,0
2025-06-04 13:34:04,0,0,0,0,0
2025-06-04 13:52:14,0,0,0,0,0
2025-06-04 13:58:46,0,0,0,0,0
2025-06-04 14:22:57,0,0,0,0,0
2025-06-04 14:26:23,0,0,0,0,0
2025-06-04 14:36:20,0,0,0,0,0
2025-06-04 14:54:07,0,0,0,0,0
2025-06-04 15:37:29,0,0,0,0,0
2025-06-04 15:44:22,0,0,0,0,0
2025-06-04 18:21:14,0,0,0,0,0
2025-06-04 18:43:03,0,0,0,0,0
2025-06-04 19:47:00,0,0,0,0,0
2025-06-04 20:35:35,0,0,0,0,0
2025-06-04 21:27:27,0,0,0,0,0
2025-06-04 22:39:18,0,0,0,0,0
2025-06-05 01:09:56,0,0,0,0,0
2025-06-05 05:38:30,0,0,0,0,0
2025-06-05 10:56:02,0,0,0,0,0
2025-06-05 11:51:36,0,0,0,0,0
2025-06-05 17:38:52,0,0,0,0,0
2025-06-05 17:58:29,0,0,0,0,0
2025-06-05 18:40:13,0,0,0,0,0
2025-06-05 18:47:36,0,0,0,0,0
2025-06-05 18:53:13,0,0,0,0,0
2025-06-05 19:51:51,0,0,0,0,0
2025-06-06 00:39:25,0,0,0,0,0
2025-06-06 04:21:28,0,0,0,0,0
2025-06-06 15:01:48,0,0,0,0,0
2025-06-06 20:28:19,0,0,0,0,0
2025-06-06 21:41:55,0,0,0,0,0
2025-06-06 23:03:05,0,0,0,0,0
2025-06-06 23:03:34,0,0,0,0,0
2025-06-06 23:08:46,0,0,0,0,0
2025-06-07 04:22:30,0,0,0,0,0
2025-06-07 13:50:26,0,0,0,0,0
2025-06-07 22:21:11,0,0,0,0,0
2025-06-07 23:15:38,0,0,0,0,0
2025-06-08 12:09:55,0,0,0,0,0
2025-06-08 15:38:12,0,0,0,0,0
2025-06-08 16:17:32,0,0,0,0,0
2025-06-08 16:30:23,0,0,0,0,0
2025-06-08 18:17:42,0,0,0,0,0
2025-06-08 20:57:37,0,0,0,0,0
2025-06-08 22:49:23,0,0,0,0,0
2025-06-08 23:21:05,0,0,0,0,0
2025-06-09 07:51:15,0,0,0,0,0
2025-06-09 07:55:09,0,0,0,0,0
2025-06-09 08:35:32,0,0,0,0,0
2025-06-09 09:11:46,0,0,0,0,0
2025-06-09 09:17:19,0,0,0,0,0
2025-06-09 09:43:59,0,0,0,0,0
2025-06-09 09:56:56,0,0,0,0,0
2025-06-09 10:07:58,0,0,0,0,0
2025-06-09 10:51:42,0,0,0,0,0
2025-06-09 10:55:28,0,0,0,0,0
2025-06-09 11:39:30,0,0,0,0,0
2025-06-09 12:33:44,0,0,0,0,0
2025-06-09 13:04:42,0,0,0,0,0
2025-06-10 00:05:50,0,0,0,0,0
2025-06-10 00:50:15,0,0,0,0,0
2025-06-10 02:21:22,0,0,0,0,0
2025-06-10 13:21:07,0,0,0,0,0
2025-06-10 17:21:38,0,0,0,0,0
2025-06-11 00:17:19,0,0,0,0,0
2025-06-11 10:23:14,0,0,0,0,0
2025-06-11 10:38:20,0,0,0,0,0
2025-06-11 12:02:52,0,0,0,0,0
2025-06-11 14:42:30,0,0,0,0,0
2025-06-12 00:02:50,0,0,0,0,0
2025-06-12 09:23:13,0,0,0,0,0
2025-06-12 14:19:18,0,0,0,0,0
2025-06-12 16:24:34,0,0,0,0,0
2025-06-13 13:16:12,0,0,0,0,0
2025-06-14 07:15:56,0,0,0,0,0
2025-06-14 14:59:09,0,0,0,0,0
2025-06-14 20:35:06,0,0,0,0,0
